{"cameraMode":{"drawMode":0,"name":"Shaded","section":"Shading Mode"},"sceneLighting":true,"audioPlay":false,"sceneViewState":{"showFog":true,"showMaterialUpdate":false,"showSkybox":true,"showFlares":true,"showImageEffects":true,"showParticleSystems":true},"in2DMode":false,"pivot":{"x":6.501923084259033,"y":-0.08245968818664551,"z":2.007486343383789},"rotation":{"x":-0.2284947633743286,"y":0.4679328501224518,"z":-0.12664233148097993,"w":-0.844269335269928},"size":7.76920223236084,"orthographic":false}