{"cameraMode":{"drawMode":0,"name":"Shaded","section":"Shading Mode"},"sceneLighting":true,"audioPlay":false,"sceneViewState":{"showFog":true,"showMaterialUpdate":false,"showSkybox":true,"showFlares":true,"showImageEffects":true,"showParticleSystems":true},"in2DMode":false,"pivot":{"x":11.878355026245118,"y":-4.336684703826904,"z":4.962711334228516},"rotation":{"x":0.16957813501358033,"y":0.5285682082176209,"z":-0.1086932122707367,"w":0.8246483206748962},"size":83.96825408935547,"orthographic":false}