{"cameraMode":{"drawMode":0,"name":"Shaded","section":"Shading Mode"},"sceneLighting":true,"audioPlay":false,"sceneViewState":{"showFog":true,"showMaterialUpdate":false,"showSkybox":true,"showFlares":true,"showImageEffects":true,"showParticleSystems":true},"in2DMode":false,"pivot":{"x":347.5187683105469,"y":201.03965759277345,"z":429.7574768066406},"rotation":{"x":-0.05411546677350998,"y":0.07840055227279663,"z":-0.00426206411793828,"w":-0.9954429864883423},"size":865.1021118164063,"orthographic":false}