{"cameraMode":{"drawMode":0,"name":"Shaded","section":"Shading Mode"},"sceneLighting":true,"audioPlay":false,"sceneViewState":{"showFog":true,"showMaterialUpdate":false,"showSkybox":true,"showFlares":true,"showImageEffects":true,"showParticleSystems":true},"in2DMode":false,"pivot":{"x":198.45306396484376,"y":277.2060852050781,"z":146.69424438476563},"rotation":{"x":-0.09854629635810852,"y":0.10933350771665573,"z":-0.01089375838637352,"w":-0.989048182964325},"size":519.4358520507813,"orthographic":false}