{"cameraMode":{"drawMode":0,"name":"Shaded","section":"Shading Mode"},"sceneLighting":true,"audioPlay":false,"sceneViewState":{"showFog":true,"showMaterialUpdate":false,"showSkybox":true,"showFlares":true,"showImageEffects":true,"showParticleSystems":true},"in2DMode":false,"pivot":{"x":261.98150634765627,"y":-19.645538330078126,"z":927.00537109375},"rotation":{"x":-0.12737660109996797,"y":0.036290641874074939,"z":-0.004663662053644657,"w":-0.991179347038269},"size":1365.0986328125,"orthographic":false}